image,xmin,ymin,xmax,ymax,label
bSaOc101PeC4V2JtGUgmxQ_227.jpg,588,214,600,230,0
j5EqrxV6yXsyu8YweS_sjA_110.jpg,161,298,175,304,1
05q_Zxgh4O-zfKTZawzyUw_273.jpg,124,111,138,127,0
S7Q6lfBn9pNQU4Xx1y8F8g_224.jpg,519,136,539,149,1
5WGZ65U7ZyQuRCL39Yy-3g_268.jpg,194,124,207,140,0
6hy2Ci_re_5WaL6czIAiwQ_170.jpg,54,252,63,259,1
iHj5iqQrL0-Y8HO_ZmJBlQ_218.jpg,455,286,465,295,1
AolTzG-coiKUVVf8daYcTA_38.jpg,37,242,48,248,1
AolTzG-coiKUVVf8daYcTA_38.jpg,175,281,180,286,0
KGrC1a8BVboNU68Vj0IxWQ_158.jpg,546,85,559,100,0
WzQbNlf8AQmTnVN1_8tQGA_63.jpg,102,157,115,176,0
uXrvuVs0g3Vd7jlStJwDzg_359.jpg,494,95,508,107,1
veNvgXyDnfLy3ynsv6YNEA_0.jpg,334,288,341,294,1
veNvgXyDnfLy3ynsv6YNEA_0.jpg,296,292,300,298,0
iSBT9Oxt85J0pm6eJ-dbUw_275.jpg,476,215,488,227,0
hwNATBC-zplUA5NLkpxpvA_81.jpg,502,241,514,250,1
AGdTIcPb0mt9tXEigxhM1w_110.jpg,171,244,181,249,1
DpCwE5AWAW94v3as6vduvA_302.jpg,604,116,614,121,1
d84mslouHKqyZ0VtRayhcg_208.jpg,364,290,375,300,1
Qi9NZtHuom2eCC4H7KIE0A_175.jpg,320,244,329,250,1
a3PxfoW3hCLYMi-K3UxIGg_279.jpg,197,301,201,304,0
EICvb4gUXPi2GroqEJWpnQ_80.jpg,465,270,480,279,1
GdY_8d5TJm0PrcBenO3h7g_72.jpg,603,314,609,321,0
k-40uW3aLYkocRkl4Doepg_10.jpg,298,226,305,237,0
F6W0XrxrEFpd6Oj5WmQCfw_222.jpg,73,280,80,286,0
wTf1fpgE4BSP09u_VIb8qA_224.jpg,250,130,255,136,0
1uTy73XtDmZaVhZJ2n5wSg_357.jpg,72,194,80,203,0
w23LO0AfnBPRiofBqX4Vxw_33.jpg,35,156,49,171,1
w23LO0AfnBPRiofBqX4Vxw_33.jpg,38,172,51,184,1
ry1CH357uklbLhHLoROcig_216.jpg,470,197,475,204,0
IjMUNW8L0H1ddK6cHoDmlA_85.jpg,251,162,258,169,1
4t2EIQ05CD1IsNxdMbb4kg_36.jpg,573,220,586,233,0
ZqjsR5YgD7-yLfYcDk1ZRw_268.jpg,504,244,507,250,0
fsdgJMhQVPcaGJSKIl0QKA_328.jpg,325,306,333,314,0
dt1kMQTx3QIkK1DK6W_T1w_81.jpg,29,283,44,289,1
dt1kMQTx3QIkK1DK6W_T1w_81.jpg,0,282,16,289,1
9ur1zWXHSRzSO1MbOICImg_300.jpg,172,124,182,132,0
9ur1zWXHSRzSO1MbOICImg_300.jpg,526,285,530,289,0
0OlCRz6S_kvxPRa75Ahciw_81.jpg,45,303,59,311,1
0OlCRz6S_kvxPRa75Ahciw_81.jpg,70,304,83,311,1
sHDHTIbU48DtZO3H7CIKew_227.jpg,153,209,161,219,0
5FHb7cTY9L_hmcXYM733Bg_209.jpg,597,242,613,253,1
0ejbdZSpv76auwbfVloyww_80.jpg,235,170,239,177,0
-sjL5wg-PAxpnsTBi_3lXw_88.jpg,48,257,56,264,0
-sjL5wg-PAxpnsTBi_3lXw_88.jpg,77,261,85,268,0
E9rV6KIgFyVjECyLW1zbPg_178.jpg,247,230,251,235,0
TpX1z9GXXuIow1vjfpUo8w_359.jpg,420,73,447,83,1
tV3undudPoaPdFYPrlGb1Q_237.jpg,299,253,304,260,0
546h43GsjB3BLxQ6R2Tx1w_242.jpg,173,260,179,267,0
t7n87JEp34yDrXfkLBky1g_137.jpg,403,124,413,136,0
evTImsvTonetgfX0lGVbSg_260.jpg,502,174,513,184,0
vAlQCqczaPRIzMCIiy8RGw_269.jpg,44,287,49,292,0
_5g318Gza7JYfmHrXqN0vA_148.jpg,321,304,324,308,0
BnkzCg3FcZ2CjP6h_Q0UrQ_88.jpg,429,17,438,30,0
1k3ZB3OFz2JulMTPGAyrpg_114.jpg,461,283,464,287,0
8YEH6pm_ypHjkFUz4uvdLQ_269.jpg,446,196,457,203,1
p0C7n1BG6Lth_f8lllK8mA_265.jpg,491,256,504,266,1
FnL2JLvtrugttMmHWagDlg_265.jpg,261,271,276,283,1
SiaQGwVJK4ilYxbmJfuCNg_177.jpg,395,238,402,246,1
0jTvunxn_1F4qp4f3puJ_A_300.jpg,486,35,500,50,0
1tSn2lVB3rSw_8KOPPUJyg_270.jpg,357,286,367,294,1
1tSn2lVB3rSw_8KOPPUJyg_270.jpg,65,292,70,296,0
ReI1_eDdrAE__fivyay_tg_65.jpg,569,132,584,169,0
2nFk6UyHdNA-4d0_E4nQuA_84.jpg,557,207,565,214,0
SXnU_LXhSWMthCujphOWlA_114.jpg,485,260,491,267,0
A3JOzA6LY2yeO0tt3IYQqg_87.jpg,111,200,124,215,0
UZKvqSDfI-C4NGKDihtVGA_322.jpg,504,308,508,311,1
6xueeMJ4zf2f82BfUBDtFg_189.jpg,61,107,82,132,0
tIVXaW_lYlaKdimCFjplcA_31.jpg,8,317,23,329,1
l-nOpg9BPDGRcPRnQFWNmw_128.jpg,473,275,479,284,0
l-nOpg9BPDGRcPRnQFWNmw_128.jpg,458,276,462,285,0
9BWHLYJ3opFxbUkaf_P15w_356.jpg,332,224,340,233,1
DGFg43iIA2w-Uy0FVbKBDA_236.jpg,462,224,467,234,0
WicfDD0LjoMuiJWNz8HwcA_359.jpg,191,272,201,281,1
eKLMrqTLY90LcJc6RUlA7Q_55.jpg,444,168,453,180,0
ah0iWBbSzhGWZajDFi4bTw_267.jpg,489,261,501,270,1
DGNZhnKTN3BsgZDE-UW8lg_88.jpg,70,273,75,279,1
DGNZhnKTN3BsgZDE-UW8lg_88.jpg,45,270,48,276,0
BlVszDoBpmLyrkdDMFJRSg_179.jpg,131,250,136,255,0
CSAc-kxnrgQJGXj0SRCkqg_269.jpg,429,281,434,287,0
nqkh1IgecIuTIkmY55i8EQ_269.jpg,213,204,221,211,1
oqQTyv-M8rfdws8efF6qEg_106.jpg,342,271,350,281,0
6qSzL9KEjJyCoRvUbA54JA_106.jpg,248,296,252,301,0
iQZsIqM7w0ZQ6nVbYj1zNA_355.jpg,394,162,403,169,1
JbMSMC-doKWiqjm3qRsBoA_179.jpg,230,262,235,268,0
3NG9Y6fcLW1_Sfd3avUVKg_356.jpg,78,193,102,202,1
3NG9Y6fcLW1_Sfd3avUVKg_356.jpg,134,76,144,88,0
3NG9Y6fcLW1_Sfd3avUVKg_356.jpg,126,209,136,220,1
bfNb34l-tOYX0hsnTR-zaA_171.jpg,588,77,592,83,0
02x1UGkwF50Le9aFOn70bA_86.jpg,279,166,283,170,0
cCrBjqZyimEJm4ZJYneeOg_359.jpg,157,264,174,276,1
wCKpHQTqbgRr8CcgE5hfDw_36.jpg,51,109,65,122,1
YEGrDCYYV2rMp209iw9gxA_351.jpg,492,252,507,261,1
YEGrDCYYV2rMp209iw9gxA_351.jpg,538,252,554,262,1
U2PM38RWDj6d3xAwha_a0Q_216.jpg,376,195,386,202,0
SMp8iSbm9D8fZnxdorXTfw_208.jpg,300,284,315,291,1
r7p9V492x8MkCzVeLO-GNg_178.jpg,199,178,211,191,0
r7p9V492x8MkCzVeLO-GNg_178.jpg,262,123,268,132,1
XHn8Z-GVW2peIj8ybPtc3g_131.jpg,389,221,395,231,0
kqvSG7XsOGRqYWFUE3zqgQ_323.jpg,323,242,329,248,1
0Miqf1T6vMNn1xhkdTzndQ_302.jpg,431,243,436,249,0
0Miqf1T6vMNn1xhkdTzndQ_302.jpg,437,202,444,206,1
SSQXI4cazGWJBoGcIE_0hw_260.jpg,263,181,272,196,0
XpwPDMr9nQzJmHrzpwONvA_88.jpg,148,279,153,283,0
XpwPDMr9nQzJmHrzpwONvA_88.jpg,132,276,135,281,0
1dimQxub7hC342aseqNrHw_110.jpg,187,238,196,243,1
1dimQxub7hC342aseqNrHw_110.jpg,604,146,622,162,1
qxDhf3S-o8oROcrTrtyXYA_29.jpg,592,305,610,317,0
uK157xp9b32i32kLvHjRVw_15.jpg,436,223,464,236,1
5vngUrBnPav0sQT4LKor-A_236.jpg,477,182,486,192,0
5Y6Z3jfXVyV-fdOBKx5zTg_179.jpg,157,151,167,162,0
0pmQqVyKLvwlAXQFDuL7Sw_0.jpg,377,299,385,306,1
GNumGgMeRwbxX7-aATHaxg_135.jpg,296,177,303,185,0
rr6KWyHCDZb7Ikgm5slw6g_265.jpg,483,274,497,287,1
46IhtsKwyt8PY6Ah9DGGUQ_177.jpg,170,268,201,282,1
VQamr2WLaVmdMf5VK6X0jg_154.jpg,479,271,486,281,0
0aFRovditD__PAlHyQiXQA_41.jpg,402,211,409,220,0
WN4neOX1Kz6uO6AG7P9ybw_273.jpg,143,92,157,109,0
FOxRvsPi__Ru6gBS7HYyLA_269.jpg,210,178,221,189,1
QkhrCVJpprt6GySrFp_G7Q_177.jpg,346,293,357,306,1
jW0BFVJwl3A1gZ51T14Org_208.jpg,354,276,370,287,1
x4YHwV_nUjz0pTsZfpQemA_266.jpg,111,84,127,93,1
l_yBAr0ETqQ3XQHpZksK2Q_268.jpg,258,14,266,27,0
LFCUU2GrPQbAm1CR765UJQ_152.jpg,532,204,536,209,0
M_zgIchzQwB2-umkhim2FQ_310.jpg,565,226,585,238,1
M_zgIchzQwB2-umkhim2FQ_310.jpg,531,229,552,242,1
nXTkBJc0Z8KprDBXJ-1acg_135.jpg,461,265,469,273,0
53IuvjWd5LmKwXHQ7SeqAg_179.jpg,206,266,214,274,1
BzplUFAG65-FsdFxcTZ2qQ_272.jpg,606,259,618,271,0
d3I7btaACViLLHH9S-Ekyw_265.jpg,465,279,475,283,1
LSexw5bs4STn3DxWas2y0Q_132.jpg,58,239,78,249,1
bKUZxelBhZABJoRMMX_J7A_88.jpg,199,101,205,109,0
bKUZxelBhZABJoRMMX_J7A_88.jpg,245,191,249,198,1
TsvQoLAqbSOKmVzAgcWrKw_64.jpg,67,232,72,242,0
IHTeXiin8G2_N9u3cyMY7g_356.jpg,369,207,381,213,1
F8vpiAS6-UGAUKL-zZoMcA_279.jpg,219,265,233,274,1
XIqG3TTAtUorC2dFewyjJQ_267.jpg,462,242,476,249,1
JP3knDKP485FP4buDkVDww_80.jpg,219,183,224,189,0
Wby7x9CQbH_DonYiywSzhw_328.jpg,266,199,272,210,1
cyVOEkQ5FewNbxPcf3h40Q_90.jpg,531,226,549,239,1
DfTiNRhgyHGSZfoySP_BWA_179.jpg,162,283,169,288,1
DfTiNRhgyHGSZfoySP_BWA_179.jpg,117,279,125,285,1
0jqAEsE1DD-WIKnXKLUsdg_268.jpg,570,255,578,265,0
aZe1-6Fw12KBZiSQQaoeTg_329.jpg,595,286,603,291,1
FFJSkd-Vh_tgx5tTKTo81g_152.jpg,603,284,609,290,0
M-rYRrFIk_FxZx313kWYUA_9.jpg,351,233,354,239,1
ZmkrsPp63sZ7iEiVciRc0A_88.jpg,21,134,37,139,1
ZmkrsPp63sZ7iEiVciRc0A_88.jpg,211,183,214,186,1
ZmkrsPp63sZ7iEiVciRc0A_88.jpg,77,96,81,100,1
cxygCs0sToGKG2_PDY-IUA_143.jpg,589,253,607,259,1
cxygCs0sToGKG2_PDY-IUA_143.jpg,396,223,410,228,1
EHPNG3ueYw5m85k4z-cWTA_104.jpg,504,201,515,207,1
aulOMT3r2Ph0psoeBEMwGg_88.jpg,466,153,486,165,1
aulOMT3r2Ph0psoeBEMwGg_88.jpg,447,192,454,200,0
rJkLANGKxnYbctD4DaC3Zg_80.jpg,310,266,318,275,0
HQAJbTDlmZoRAsQiPNZhLQ_326.jpg,525,278,534,284,1
b785D47u58b_fLmV46v_sw_137.jpg,239,181,244,187,0
DVJg1FtBuwVCY0F8wcO5QQ_175.jpg,311,247,319,253,1
t9T7pNtBPPtde60ubT6Hgw_29.jpg,115,276,123,286,0
BniabQ8sXuGRdRNMaxY3dA_99.jpg,214,122,229,138,1
OZiRnkfOB1AkINgdQ97Dhg_90.jpg,48,246,63,259,1
DAilplIXLYgOJtN9GubuDg_64.jpg,83,241,89,247,0
CGrqMU0qvH906nmWU9vbzA_286.jpg,341,291,347,296,1
oOc1LAL7g3fbdVRdIXg4GQ_268.jpg,422,241,431,250,0
_yT58ToWlTVMAc3Kqvuc9g_145.jpg,529,196,539,207,0
IXaqAFpw7joSQapd-a3Tlg_7.jpg,516,279,522,285,0
PIuY6XpA5DiWlvB5KBCjwA_0.jpg,395,228,400,235,1
l-RoT092JCXdwjGSrv0y0A_180.jpg,418,128,423,135,0
mUmtjGfjIzr2vKj0U8r4Hw_177.jpg,453,239,461,249,0
tpmg3KGYQgEUDCryUr_raA_273.jpg,334,99,348,118,0
xRVrP0ado7tkJd9BGEJa4A_178.jpg,393,237,403,244,1
MP3KAqKLNFruBP4iPIO8YA_268.jpg,355,258,366,265,0
r7GqKfTjCDVHyXvvHObqNA_176.jpg,263,213,273,227,0
r7GqKfTjCDVHyXvvHObqNA_176.jpg,296,215,305,228,0
259UXKUrYKEq3vYrs1K6Ag_228.jpg,453,198,460,206,0
R4jNAhhRuLmTHtmF6DhTZw_110.jpg,223,219,234,225,1
mAdqijTli6Fic3rjZ3thlw_179.jpg,237,242,240,245,1
mAdqijTli6Fic3rjZ3thlw_179.jpg,237,251,243,257,0
KWRRqEkV_cWZoiSyqzPrcQ_281.jpg,531,155,545,168,0
I8RuPESfC-a11-d0AvuTpw_260.jpg,237,298,250,304,1
4k4dKuOJBJp_jQji3IDcIQ_281.jpg,520,179,534,191,0
D7-4KL8S39Qven0LZUJ7Wg_20.jpg,497,253,508,263,1
RWNJFnG8wtjg9jNaDTtclg_135.jpg,432,96,443,102,1
Gm6T_85VSheLnj-PgjrGTA_269.jpg,261,171,268,185,0
rcP1JibNiYW8jgrU67dn1w_84.jpg,544,222,551,231,0
aEbFj5AczdglHbtAdyz1vw_215.jpg,140,255,152,262,1
aEbFj5AczdglHbtAdyz1vw_215.jpg,162,256,170,264,1
g6b9JhaIqyYXLhbMkHDuWg_357.jpg,0,117,8,129,1
YCHItQqsjyFki9gHX_076w_359.jpg,455,180,465,186,1
0f7Pbty_nNneSViguFmC9A_179.jpg,163,213,168,219,0
0Ey1-NBLtxLy1bALfWdecA_269.jpg,305,229,308,236,1
NfVwNHVQmXh6z__527TKbQ_15.jpg,303,248,331,257,1
wF9AZfL7huZxWPahvvqxRQ_84.jpg,420,74,439,100,0
wF9AZfL7huZxWPahvvqxRQ_84.jpg,335,235,343,243,0
eZjSYQVjCgC4-xO4YKPJjQ_80.jpg,191,179,198,187,0
PwkOZUYZws4_adw8s88f7w_33.jpg,43,244,52,249,1
82reP9-OxQ_eWjCvWj43OQ_285.jpg,628,254,640,260,1
YthkgDhb6jBuoQ78H9cpqw_359.jpg,361,296,373,302,1
Jn6160mR6KgYpsSr3s9FVw_154.jpg,480,258,488,274,0
084u-ZP6UW2y4GFXeEoKag_84.jpg,345,232,350,240,0
fIGebHL0qzzFb7GAdMfMiA_302.jpg,527,221,533,227,0
fIGebHL0qzzFb7GAdMfMiA_302.jpg,533,171,541,175,1
PXbmzEUkHb5thD3amUp9_w_305.jpg,107,227,114,231,1
t26kLxzVGhA1s4hpEvVhig_106.jpg,239,295,244,301,0
cCXKH_OsdHda_jY0WqaPGg_356.jpg,139,161,148,169,0
3iwdWRsPwWHT3JQK37BcpQ_355.jpg,65,189,75,196,1
33zL7VdZ9YRhw7SCfHzWSg_279.jpg,626,271,640,278,1
J8z61f1eFEe62ws7FdfenA_132.jpg,64,215,77,227,0
HmeIdJOKNQZFr7yoAsTS_g_263.jpg,113,19,130,28,1
sYKcp0K6I34y6AmtJ0DQow_356.jpg,284,238,291,243,1
tVavnjV1dBpgMkHAt0tepQ_300.jpg,82,27,98,53,0
W9KmsXSXbvOJ3ZUSyi4DSQ_106.jpg,247,283,255,291,0
74s_taom-ExNT_pPeyzyPg_179.jpg,207,265,213,273,1
0aLmwdQDr0uiaUO0Tv8Oiw_80.jpg,146,243,161,252,1
j4eiTzfeISucj0twL8NB1g_323.jpg,384,135,397,144,1
Ero2v5MPvGkjSzLz3m2flQ_154.jpg,449,269,456,277,0
OKF46r1maYwxQ8orrQKD4A_285.jpg,321,249,338,258,1
CfMl15F05WnL_nVcokf1NA_88.jpg,103,170,114,174,1
gz47FjiG6sEyNCiubhMAHg_90.jpg,590,245,610,256,1
gz47FjiG6sEyNCiubhMAHg_90.jpg,495,245,512,255,1
xDTVhOFX6nKYkJ_W6siSQg_267.jpg,593,244,609,252,1
XrPtfserC5YvxKuXMGe3Ug_180.jpg,96,266,103,279,0
gIsR5XRBk7PhlQw-2hT2Fw_359.jpg,235,73,243,87,1
zjEUfoXBqcqUDyBG90czkg_152.jpg,481,197,487,204,0
LEIWHFDmHUgXP9X9QjMkLw_222.jpg,277,218,290,233,0
mb1xOTmnItQgi9h7uPXxIA_357.jpg,292,137,302,150,1
hjaEzRWH7vJNvMrXdl1DSw_302.jpg,476,219,482,226,0
9as0gVB_w7rWMpfrPLZU5w_55.jpg,364,172,375,183,0
IZTEwUw2Mt_vxwjRf4qyXQ_218.jpg,503,286,515,294,1
3myogv-7tgPKRw4P1bhTNg_357.jpg,574,232,585,239,1
RjMF33K3QiNDClBXorutBw_322.jpg,280,178,287,187,0
oWGQ2MraCHbisinyphCuxQ_300.jpg,279,46,293,71,0
MVNHzcbwI1zZR9BbJQiR9g_135.jpg,157,224,161,230,0
-0Z2iUhUZXNlYDz_grphXw_336.jpg,554,140,574,158,0
aBXo-35p6xrPlF4Qe7DwtQ_0.jpg,400,288,413,298,1
9E3OVu44jnJsVupTUUzHPg_357.jpg,294,157,299,165,0
CFScGVsKlgkIxC2d_iUIkQ_88.jpg,37,136,54,146,1
CFScGVsKlgkIxC2d_iUIkQ_88.jpg,81,207,89,215,0
DEy3wvPhKWUj3x8m4K_Law_71.jpg,136,276,147,284,1
c9KsIgSzUaKgRyNKB7Zn1w_80.jpg,256,320,261,326,0
g7M_yKiiWImKSNLkSECHFA_81.jpg,500,244,507,251,1
_4OvHs0XnzyaczbUIUP94g_279.jpg,460,248,464,253,0
_4OvHs0XnzyaczbUIUP94g_279.jpg,504,267,510,272,0
XhrGJdejhX5YftCWTA-SQA_222.jpg,357,213,365,228,0
DNt42fvZtJYDOn3myfeMrw_236.jpg,513,248,517,252,0
DNt42fvZtJYDOn3myfeMrw_236.jpg,166,246,169,250,0
IDbK1CuXcpqAFCa9stkUlQ_81.jpg,128,289,139,295,1
IDbK1CuXcpqAFCa9stkUlQ_81.jpg,104,287,116,294,1
uVPKqoyP-BXsbWkCsbbu3g_0.jpg,387,296,395,302,1
3TqMqm5tALRRxXhQ1h2m9g_305.jpg,95,216,105,222,1
bbIgNQcfGZsfIbQzTRX12A_292.jpg,74,30,127,55,1
bbIgNQcfGZsfIbQzTRX12A_292.jpg,136,120,161,154,0
p0LhmsCW3jcQBRzyCCkMYw_322.jpg,313,214,319,222,0
c4ZmcM7t72u1Q1OmJQ-wPg_359.jpg,473,142,485,156,0
b_apGun5OVbNJQou5k2GSA_179.jpg,43,193,50,201,0
29PtjVK0cmvm69At-YwWUg_251.jpg,215,259,221,264,1
lUjGEoCKUCFLD4IdqnQXMA_178.jpg,410,233,420,240,1
aaNw404BtFQdn4tK3Hpb3w_259.jpg,402,290,409,297,1
-qeoqBUnuabtuYI52-eO4w_350.jpg,382,306,390,310,1
C7A4K5Nf6urg643MlIGGiQ_336.jpg,317,199,328,204,1
dzsdUUfGFJL9xic8JQZoBg_176.jpg,400,192,405,198,0
5nQLwFJTdmu74GyuUn-HzA_130.jpg,22,323,29,330,0
mpSWriuKkQwC33GxzYZ0GQ_267.jpg,443,140,456,157,0
j3Re_Kvt6TTA-6ksEyhwLA_80.jpg,2,295,12,300,1
j3Re_Kvt6TTA-6ksEyhwLA_80.jpg,110,284,125,293,1
JX_G-D5Y_uhqEuhpo9MbBQ_359.jpg,219,285,231,292,1
e0JhxGBquHL32jQarvdVGA_154.jpg,427,270,433,279,0
Y6n21ZFX4gbeYEXju83iug_84.jpg,523,231,533,238,0
Yb3ZY3dnevKO7hsrisNE0Q_357.jpg,471,236,482,247,0
Yb3ZY3dnevKO7hsrisNE0Q_357.jpg,552,141,569,154,0
VoFYDk-c9fjKrrV4wRZBzQ_88.jpg,254,33,263,48,0
cuJPx64yZf59PTTdKrXUhA_269.jpg,180,165,192,176,1
iPa2IFL7FGzmwnSnuu9dwg_329.jpg,464,247,479,253,1
QQqFlP0EkOwxzDrxd6HsZg_222.jpg,126,230,138,235,1
gWgDpVA6elahpPSP6Wc4Uw_80.jpg,170,243,193,255,1
zZqyY9AUQEBekeCYjjcFVA_80.jpg,163,272,173,279,1
GqUqfLQqikf8cBTN8upjNw_232.jpg,560,162,568,174,0
HNoSq-Lo57s0LJ9kDSGZDw_106.jpg,325,289,333,298,0
5y9GL3ynUb_j9LgnfbYVZw_355.jpg,490,170,495,177,0
LARajlGObzBdLEx1Ca9fFQ_359.jpg,12,126,27,135,1
33Lgmr7XRE4mUZoaXwuOEQ_218.jpg,502,259,515,270,1
kHzIzlZgqOi1rkO6ELrspg_177.jpg,561,108,569,118,0
MV9VXnyknjK5WUTFaQ1hVg_277.jpg,226,141,239,152,1
bsvjTeMSDbjwPwIvryptKQ_218.jpg,590,232,599,239,1
FJnsjJO6zeFvWFBITBkKkQ_132.jpg,124,220,133,228,0
pM032MSWEz3N0cEIbbyW5g_357.jpg,282,175,288,182,0
CVX5fwcVtm7bJIRQUi8hSg_336.jpg,547,168,561,185,0
Uvtm_ejSdG9aeK5TuNwm6g_125.jpg,408,243,417,249,0
ZhKPDVgIMj1INcAcf9uVNw_176.jpg,441,128,449,140,0
1U1G-u96HUwanfPbrELDUA_15.jpg,431,212,449,229,1
zlWZZ5XQkrcv-ks_LP0xFw_357.jpg,585,211,597,219,1
8UJahc2e0p0_UjiWtvcKzw_53.jpg,286,182,292,188,0
0z23SDG_9cIB8RHf2cqbWA_178.jpg,154,142,163,152,0
1nADjHurCtUX75ysZeBoAg_128.jpg,69,252,79,258,1
3TUPL-c8SN9q262GyOPXFA_85.jpg,348,81,355,90,0
Bq9qkSY46yCpio_2VV2zNA_286.jpg,530,224,542,234,1
-wiEDyEVXuih1r-eMBHLJw_356.jpg,208,278,211,283,0
x6NQQwp1XjZv43rNbMBvEA_265.jpg,554,246,569,255,0
JnE2s672bF05IMI1NM9PvQ_166.jpg,142,233,165,246,1
bScn99BuNS8V8-Pjl8yyjA_357.jpg,27,100,38,110,0
p36kkwGhmjsBm3Lc0UlsIg_305.jpg,134,240,147,245,1
1Vq-bzTdJ21S6oO06TCoOg_106.jpg,238,278,245,285,0
YnGlKTF8GRbuQmTlGKWrfA_137.jpg,258,122,265,133,0
fAEfrtWg8A4nIzViOvT0ew_86.jpg,181,146,186,151,0
9fOtaWVHRpA8QDXmdQtBWw_177.jpg,553,139,559,147,1
ag_ny0RFuaDqthSznnn2Ww_323.jpg,371,229,378,235,1
ag_ny0RFuaDqthSznnn2Ww_323.jpg,635,219,639,228,0
5xAH3hHXZi0nzgWoP31hWw_80.jpg,352,221,358,228,0
3xzI0h2mPu4gN5aayIlEZQ_208.jpg,432,286,444,294,1
UlbTdFrOVInyimvf8xXOYQ_152.jpg,569,283,576,290,0
YiWBnSTPDgAGfrve8zQ7eA_0.jpg,312,303,318,310,0
YiWBnSTPDgAGfrve8zQ7eA_0.jpg,347,299,355,305,1
bQ4ZXE3eQmXZ899vLVeZag_197.jpg,97,264,105,273,0
bQ4ZXE3eQmXZ899vLVeZag_197.jpg,360,221,370,231,1
TxbY4mo-gZYo5t779y3-Hw_170.jpg,13,252,22,259,1
jiMgK2RL4umK6d9ZnSTWMg_265.jpg,417,257,437,271,1
dviJIGoNySHoXZdP1jbrPQ_114.jpg,498,279,503,285,1
r5Ri8M2MdxvrAjhF2bV4fg_269.jpg,37,145,53,164,0
42qHVp6ULC2kDC6C-A88Bw_351.jpg,185,187,195,196,0
UGDUsUtDGLK__1YFUv6x5w_298.jpg,0,233,20,243,1
ifmbHsPeidwZXtdKIAzO1A_345.jpg,607,234,624,243,1
Af0uEjFDo1w9aHGCopgG-g_64.jpg,55,224,60,228,0
VMRsGXskCc9T9iLqhIMuUQ_224.jpg,183,233,188,236,1
VMRsGXskCc9T9iLqhIMuUQ_224.jpg,185,236,187,239,1
Srh602VQ4PFSoVCr0CMsAA_266.jpg,427,276,439,286,1
Srh602VQ4PFSoVCr0CMsAA_266.jpg,283,279,298,289,1
7UqiG6RhWycb6ViIXNNhtg_125.jpg,492,241,506,257,1
1xS0kD1pX3knrn8Tf8HKGw_178.jpg,235,237,247,246,1
0_b8e4mCdlyjVXNgvLouHA_88.jpg,68,265,74,274,0
UO7B-F8MqEJTQChwSKINlQ_80.jpg,119,241,133,250,1
-fuuCZE3nonMj58NflKojQ_268.jpg,252,261,258,268,0
STHtOUkycAE9PUtwrgEjKg_269.jpg,285,282,290,291,0
mFYROhkqQ8a9EQcKEsJlJA_177.jpg,403,64,415,82,0
Vx6ExST020VDThh6IAhzUw_286.jpg,574,254,586,264,1
lOVsDk1bGjOunk-DxT5cmA_15.jpg,406,250,431,262,1
dsy0Dfhva7FFDSmyYosb5w_178.jpg,83,164,92,173,0
Wdjc4mTP6i3t0IVQN51bjA_90.jpg,117,250,125,255,1
3HhzTD6bXoV763vyxbwZHg_266.jpg,209,253,214,258,0
FG3vdmJ4D20sGFPX8aa7rg_266.jpg,86,82,101,91,1
IuS0LtOFuzHzd4DfgviAfw_329.jpg,545,208,567,222,1
t0P3NkrX4CL6-cg0sjhAOQ_175.jpg,305,246,313,251,1
jXus08jxgUa3RtfNU7YFSA_137.jpg,228,130,237,142,0
hBbrxP2Nu5nKIRR2gm2-7g_179.jpg,223,255,234,261,1
JOtzHDT7RKXeKTYo49hTCQ_260.jpg,620,170,631,183,0
JOtzHDT7RKXeKTYo49hTCQ_260.jpg,614,229,629,238,1
PA1cBltW79Tf5yOinb78yg_14.jpg,322,195,334,214,0
PA1cBltW79Tf5yOinb78yg_14.jpg,406,194,420,212,0
42ZOtDp7GFPsUhZTxfsyiw_292.jpg,147,17,198,50,1
42ZOtDp7GFPsUhZTxfsyiw_292.jpg,201,178,215,198,0
ooSBDTZTFmY8tNXVprOZuA_323.jpg,278,243,283,246,1
Rsh7KbEgFVE8Y1qL7zJ70Q_359.jpg,91,0,116,17,1
_CHDTBj02-oBSw1EgAe4bA_88.jpg,595,202,617,212,1
_CHDTBj02-oBSw1EgAe4bA_88.jpg,576,229,582,235,0
A00OPhlkyXc8EKtJESrgwg_65.jpg,564,165,578,181,0
ZR9iy_NeQwUpPHw1L280Jw_209.jpg,599,260,606,271,1
AZbY_5VfukatHVpnupfCmQ_269.jpg,191,164,200,175,0
PyYGckRy5dejKwgdO7mRTw_302.jpg,502,289,508,296,0
-ZdWe1GZA7kZfTu4lJybvQ_268.jpg,559,244,566,251,0
8vpjKIs55Uy8EG8nLs8iKA_143.jpg,327,227,330,233,0
fPwynXOx5FnHb6t4ePSZDA_269.jpg,240,169,251,178,1
7Ufcuj8pvFZlwwtlepgFIw_189.jpg,10,176,19,185,1
uxFbNx6CznrdA-v5_aSULA_269.jpg,187,60,200,76,1
mMaC1in2y32hokOsNNg8ww_267.jpg,70,61,81,79,0
vTZpy42tfDFDM5PnJCB_wg_357.jpg,114,151,120,160,0
H3MqQbEQxZCUvQWM6ReiSw_359.jpg,369,159,378,168,0
TApyp4bVxxtuSVT6rs40Xw_270.jpg,237,304,245,310,1
MG1vIcUw1N1-xALhQJJn0Q_277.jpg,226,182,236,192,1
vyOYxmHt6kVqM-hK9m31ig_298.jpg,298,255,305,265,1
v6tXiu5J1yJ1MTYeK9E4Kg_345.jpg,226,256,242,265,1
O6x9kLyio7csR-JCjP10zw_166.jpg,21,215,33,228,0
ZxdTDZp8W-eJEC3uaZc45g_176.jpg,210,302,222,312,1
ZxdTDZp8W-eJEC3uaZc45g_176.jpg,200,313,211,320,1
ZxdTDZp8W-eJEC3uaZc45g_176.jpg,250,308,260,312,1
ZxdTDZp8W-eJEC3uaZc45g_176.jpg,531,302,544,310,1
nI-DBL7pNPY0O4tijbhS8A_29.jpg,170,279,178,293,0
3ncrgJFQG9LfP62mpPt6zQ_20.jpg,564,247,577,257,1
DGYuxKYXQ07j2DkOM7eMWA_189.jpg,200,126,216,141,1
qc0iE1gdsVABMhZ4cZ024Q_279.jpg,13,278,25,288,0
GEaJxzWqkqQdvFn4IfRUtw_178.jpg,39,119,52,130,1
j0Cn816NB5ht8KBwaT4CXw_267.jpg,263,245,272,250,1
TjbiALxZTnAlhEqntRnpYg_170.jpg,574,290,588,299,1
io4EgWtf9VqhZOwIDWzhZA_269.jpg,412,173,425,182,1
4H98kxrbZkl5rfJqwOVh5w_68.jpg,282,261,296,274,1
X8jW58dwnTLMApWxkapIpw_355.jpg,26,182,36,190,1
igDDqX6eKZrVsCi7ZDgGzg_283.jpg,173,247,193,260,1
igDDqX6eKZrVsCi7ZDgGzg_283.jpg,188,265,201,272,1
XZ_87KGIMWTXYBNVmG3bwg_120.jpg,141,236,158,247,1
Ts6VNZYnG-wkAng_KNJKaQ_20.jpg,449,262,456,270,1
mx9Spq9jHIkjRXy4nCUjkg_302.jpg,433,200,440,204,1
xisSOdTz1OjeUynGLZxTLA_80.jpg,192,251,203,265,0
MvSFgv1gXy1PDcs2BSDHJg_36.jpg,474,240,484,257,0
8kJUfNVmw2oj--HZeGY49w_86.jpg,554,184,561,192,0
DD6pCjsZvWKf80hMDt4p5Q_345.jpg,380,236,398,247,1
lhMGw9uzPUwBLjgPGNa-Bg_359.jpg,613,191,625,203,0
hWRNH7wiCcwX-6y65YRqEw_355.jpg,320,248,331,266,0
hWRNH7wiCcwX-6y65YRqEw_355.jpg,342,255,362,271,0
wC-PuFJuxppYds-z0b6BXQ_106.jpg,212,274,223,288,0
d7Qfsn4JY78_J8OYKR1DiA_269.jpg,215,217,224,223,1
RBsjJaaruc0Cw9V6sUfGXA_211.jpg,464,250,471,258,0
AY7sAy-ey6Lp5jpevA1ohA_16.jpg,612,257,631,269,1
94pTR0JBgLyhudeRVeUo_w_86.jpg,493,202,498,208,0
8B17bPnC2xfYrSm1nGA5cQ_267.jpg,458,280,462,287,0
8B17bPnC2xfYrSm1nGA5cQ_267.jpg,441,277,449,282,1
8B17bPnC2xfYrSm1nGA5cQ_267.jpg,408,297,418,304,1
OnTtqQqI3vF_fcjv15YKnQ_0.jpg,406,297,414,302,1
OnTtqQqI3vF_fcjv15YKnQ_0.jpg,369,301,375,308,0
cum2CwNBpuxc3etYxHpj7g_323.jpg,245,223,248,227,0
TspbewN3chc9JrELGevC0g_357.jpg,264,147,272,158,0
dsi4bEGlYbjsUzSYGxJtjA_267.jpg,346,247,354,252,1
ggGwYEUj6N0htCHCln0I-g_120.jpg,172,246,179,255,1
ggGwYEUj6N0htCHCln0I-g_120.jpg,182,243,194,258,1
IScM8rJF0XEVfOfcyVvRdw_59.jpg,27,47,44,68,1
bv34SJcF0QkPNSYnrcaCYQ_243.jpg,613,111,640,132,1
bv34SJcF0QkPNSYnrcaCYQ_243.jpg,206,126,213,134,0
GrzorvPCaHTLzv89UJE77Q_266.jpg,468,232,472,236,0
hcyROLkPIc3ssFVBkYnhgQ_15.jpg,413,250,440,261,1
SrNUv6NJ7eisV92kY1eT4Q_307.jpg,36,232,44,236,1
SrNUv6NJ7eisV92kY1eT4Q_307.jpg,71,231,74,236,1
SrNUv6NJ7eisV92kY1eT4Q_307.jpg,88,229,96,234,1
8JB5phHm5y3Dghp1rSKznw_261.jpg,498,298,509,310,0
qVdkRbcCNkNUhPYiUxwvhw_359.jpg,569,128,589,136,1
L39u_DWqOYlXy7Dmk0XZCw_356.jpg,276,260,280,268,0
0RLCbU9gZMLK4uLkor2Jpw_358.jpg,340,271,344,277,0
AMhRaNY1me6R1xCh_wJ5eQ_224.jpg,582,63,605,75,1
5FVyNUcRFpCHNmVzRCbNmQ_356.jpg,127,171,155,184,1
5FVyNUcRFpCHNmVzRCbNmQ_356.jpg,186,38,197,53,0
B8dXNFz1KMLmeb25WBQxyw_268.jpg,606,236,611,240,0
RAQyiTHAiCDZ2ibAGvXZuQ_38.jpg,385,224,408,247,1
Um41YB_7aOEQzQN2BhOXsQ_63.jpg,187,208,195,220,0
hewcGavaJ9DcKmWAciGTNQ_307.jpg,115,202,122,206,1
hewcGavaJ9DcKmWAciGTNQ_307.jpg,153,203,159,209,1
hewcGavaJ9DcKmWAciGTNQ_307.jpg,179,200,186,204,1
AWa7m61WkGkwuytae3IXUA_307.jpg,274,108,281,116,1
AWa7m61WkGkwuytae3IXUA_307.jpg,222,123,228,129,1
AWa7m61WkGkwuytae3IXUA_307.jpg,156,122,166,132,1
3VdH5KG7gpAAN4Te-hcysw_177.jpg,418,240,425,249,0
IzGw49q2GmxttH9Ym_BMaw_269.jpg,520,203,531,210,1
IzGw49q2GmxttH9Ym_BMaw_269.jpg,535,231,545,237,1
weKRuKUhI6u29EsSgIqR6A_189.jpg,293,132,310,155,0
La8LOnFO4VsbahR4OPmcRg_180.jpg,45,287,52,295,0
KHomaOuglJLDpHqkw_qZXw_208.jpg,379,283,393,289,1
sms5s9cZPwYtfcIfd85dzQ_178.jpg,200,161,208,172,0
sms5s9cZPwYtfcIfd85dzQ_178.jpg,267,102,270,114,1
-O2SzHPHCdwhRkzPtc3Jmw_104.jpg,583,172,596,178,1
-zrh0g4SlOQgaXaHx_jQ_g_88.jpg,235,71,254,93,0
nlfxRH1T_Ny0GevquX-6jg_180.jpg,358,68,367,78,0
5d3C8xCOUqFrlqzVYiRUUw_88.jpg,144,190,154,194,1
5d3C8xCOUqFrlqzVYiRUUw_88.jpg,260,217,263,218,1
Po2-xzWEoMpWNiWr6sclVg_88.jpg,83,279,89,286,0
Po2-xzWEoMpWNiWr6sclVg_88.jpg,103,282,107,286,0
9EBbptnW2dfDTzQrnATcqw_177.jpg,479,233,487,244,0
9EBbptnW2dfDTzQrnATcqw_177.jpg,255,304,261,310,0
Df9eX7RiAJPTCzD6-YtY0Q_269.jpg,221,115,227,124,1
bQF2_MXLtJE4vYskLLpoqA_359.jpg,115,110,132,122,1
36wXNrGou9p6z6ZxRpe2gw_179.jpg,95,247,108,255,1
36wXNrGou9p6z6ZxRpe2gw_179.jpg,161,256,170,267,1
sPho19iu6829kXl6VvFxww_88.jpg,404,204,413,215,0
MaqX_DseIWXPKRLxpFyN3w_77.jpg,616,232,631,241,1
MaqX_DseIWXPKRLxpFyN3w_77.jpg,72,242,82,254,1
aPQHsqQvaYTWff-coyTr0w_24.jpg,187,196,192,205,0
DlNTIBSUi6Vn8nDIdpQ_hQ_208.jpg,504,291,511,298,1
DlNTIBSUi6Vn8nDIdpQ_hQ_208.jpg,479,287,485,293,1
DlNTIBSUi6Vn8nDIdpQ_hQ_208.jpg,396,284,404,288,1
DlNTIBSUi6Vn8nDIdpQ_hQ_208.jpg,206,298,212,303,1
DlNTIBSUi6Vn8nDIdpQ_hQ_208.jpg,2,286,8,291,0
aQCBS_YTZrwrP_oGvNbj0Q_219.jpg,452,240,459,249,0
dTJiHFtCCRt8TAPxBwpPqQ_88.jpg,109,224,116,231,0
KYuYGYrp9x-Y2LlkndFw0w_110.jpg,168,301,183,308,1
YBU7sr_yvTtkFmLzTrdvsg_208.jpg,383,291,394,297,1
CFbHMRkjnQrv5Fgp32OxYA_302.jpg,176,162,182,169,0
CFbHMRkjnQrv5Fgp32OxYA_302.jpg,169,162,175,170,0
5BdCeBxTrFhQREIkoYsg3g_269.jpg,147,138,158,153,0
K-8L3zOQCnc_TdzvDwOwTA_86.jpg,262,139,268,149,1
Q8IywfrSehSfCRDcFKfzQA_355.jpg,42,216,51,226,1
WYngw9rB-7ph9Yv22ZRBjg_358.jpg,230,242,236,250,0
9JDPw9OT2BCKDTW9P6vDAg_63.jpg,184,125,197,141,0
Iy5LI_FH5MiPTXvuJHhBiQ_9.jpg,371,222,377,229,1
FbAU1nrmgh8YMPENYh8jMA_195.jpg,10,281,24,292,0
owbz7uDgkHnivnRGA5Td5w_180.jpg,205,240,216,247,1
fPO_3Dy0C0oGItJPBd21qw_270.jpg,318,287,328,295,1
7B64sxJpHReTk98AOs17xA_179.jpg,137,240,145,247,0
7WNLqiTt_-0Wd_AXWJGSiQ_259.jpg,500,279,508,285,1
5Ir4ePFXbAXKBkOIAyrApw_65.jpg,480,154,492,170,0
Y8dt5XBynYDZS80NmcFc1g_226.jpg,316,185,330,197,1
t_TCsrgwXOrQ6Sc_EdvSew_175.jpg,292,258,298,262,1
8hmEPta-tvOWfZbff8q7vQ_266.jpg,53,68,68,79,1
0bPnInnK8bZp1savkQ7PZw_279.jpg,248,270,257,278,1
P_mfXC1hxlzSbdx-p21TPw_222.jpg,248,161,256,173,0
P_mfXC1hxlzSbdx-p21TPw_222.jpg,268,170,273,179,0
D6ufG5gxIbV7V_LFt7DSUA_209.jpg,335,272,340,278,0
2DhvbWxBuEkn65P6G6O-4w_215.jpg,147,233,180,256,1
Um6hpGpwIdX5a-MK-RO7Fw_268.jpg,547,227,554,235,0
Rmd2RTk9RffuSjd_GE8ixg_179.jpg,119,191,127,198,0
NwgpH19qbh9keC-qeVv--A_359.jpg,463,295,476,301,1
ZT8AC7Y4P0rMtxrRahHEgQ_270.jpg,310,300,319,309,1
6KJVVtaJYlCLg3vmF8jaow_358.jpg,280,322,283,325,1
W7kHfOnlwKrXHOAviP5Wfg_99.jpg,342,209,364,223,1
3XGPoJPu7yiUhB5raSQ9JQ_9.jpg,487,180,498,189,1
R2WXcjftxUep-2WmYYmK5w_68.jpg,327,185,335,196,0
R2WXcjftxUep-2WmYYmK5w_68.jpg,336,190,345,200,0
Pwcwva5tzaRkgfQ5VTmpgw_268.jpg,69,233,84,240,1
bky1R2hBC8nTZ1SYPlIajg_286.jpg,189,274,195,280,1
8F36lhqy_k_rpQFBLdHedg_269.jpg,412,277,420,285,1
C_KR1HCC46Qqm_-50-5A5w_328.jpg,240,193,247,205,1
KNKp4qJY6e7Dssz8kxwgHg_267.jpg,172,9,182,24,0
aFiYBP81nYjwXSAuel86hA_195.jpg,36,219,40,225,0
rfkXpHmaIFeGDlAv0nRNGg_222.jpg,466,204,474,226,0
IiD1P7SQrSEbEPofMAmDMw_87.jpg,561,212,581,230,0
oxJMIu0s7t2P6y2vmwGSMg_130.jpg,92,321,99,330,0
exCW9WbcKJTHxBi9QmP7wA_357.jpg,394,244,398,254,1
exCW9WbcKJTHxBi9QmP7wA_357.jpg,234,57,244,70,0
0-ktcSjIxcqurW6_a_zirQ_281.jpg,413,61,435,88,0
-bXZfmCHS9vN-p9qysmK1g_179.jpg,213,201,219,207,0
mhMaCULsTu7cBSj6TVNk8g_310.jpg,541,176,567,188,1
mhMaCULsTu7cBSj6TVNk8g_310.jpg,503,180,527,194,1
cuvjKYXK7Gngmjv8uHlpvQ_357.jpg,74,25,93,46,0
gV4K_wSMvSsd_7OUMHT0CA_224.jpg,592,64,617,80,1
zeh2pWVDkD5nIJ8rdA7f4A_87.jpg,504,281,517,299,0
PvSjwzoMP0FCo_SbXxmF-Q_179.jpg,229,198,235,203,1
PvSjwzoMP0FCo_SbXxmF-Q_179.jpg,230,213,239,223,0
-NhygyxKlOJ9tcOk4X2KsQ_86.jpg,261,118,269,127,0
nxGyrIAEtBoygcgM3cdp9g_145.jpg,336,179,344,190,0
GgzA4pCimhGrcqs_CqK5IQ_197.jpg,169,209,186,218,1
_jWgoI8xCdXeAImrCZolVg_80.jpg,473,292,484,299,1
xTKp8LgCh0x1WnBLqExYkA_111.jpg,74,157,88,169,0
X6CoAO1b5br33zba_ot40Q_359.jpg,138,180,148,186,1
P0Ganzqxo1V1QQOya8ijtA_329.jpg,501,225,509,234,0
AjTFYMalZf5ZuQcvBQ3Kpw_131.jpg,453,260,456,265,0
aSkzPWd1ibB_zxyv0OgtYQ_24.jpg,423,287,428,292,0
gubd5hdR1Tz7V_zoo36Y8g_265.jpg,255,282,273,297,1
lmZsIc1rj-3uvSy9cNgcEw_15.jpg,516,211,522,221,0
aH_o2xGYsUW6HfmaWGe5dA_88.jpg,160,282,163,288,1
aH_o2xGYsUW6HfmaWGe5dA_88.jpg,176,284,180,288,1
x8cn5GBqbd8ThZTlYp7IHg_245.jpg,22,268,39,278,1
b8BiQIvJ3EBJgCWolywZwQ_355.jpg,230,323,243,338,0
fJdLkmMcZwUJFFi3DTXpJw_9.jpg,269,140,282,147,1
79Vnf79PQlSNXPeO8Ahntw_81.jpg,79,304,91,310,1
79Vnf79PQlSNXPeO8Ahntw_81.jpg,54,303,68,310,1
79Vnf79PQlSNXPeO8Ahntw_81.jpg,73,307,81,314,1
WGCcDhiVKnBQScMx_5yC3g_329.jpg,492,224,500,234,0
1NYzbIi3DMJWR5JIOLPeBw_88.jpg,184,276,190,281,1
1NYzbIi3DMJWR5JIOLPeBw_88.jpg,203,281,206,283,0
1pGI5762-VLaJ4ooox5FwA_285.jpg,302,243,316,249,1
exT3IxKl3_0p528WDqKSoA_99.jpg,343,141,359,154,1
skgLRrm3vg4-NCs0wZRclA_90.jpg,614,234,637,247,1
aSFNM7ItWxVDUx-lRkUAKQ_357.jpg,66,147,73,154,0
Td6b_1B8rt1297rsLLiT6Q_81.jpg,530,235,537,240,1
wK74_33WawL97Z4JwmPf3w_80.jpg,385,233,392,240,0
nfO53fxuWQZ4hkdX73T_MQ_16.jpg,525,278,534,286,1
da3rYvz4GdxgN0OShUFM1Q_179.jpg,31,217,37,223,0
I8UbsXBR-hdWHavbn99Ucw_269.jpg,212,195,217,201,0
8qB0-Wvd-PiNwRjvqAP4xg_267.jpg,335,250,343,256,1
5r3EecygFe7nI1NBH-lxBA_89.jpg,339,198,351,209,1
RMQNx7Rn0R23NAade-i_Kg_277.jpg,158,144,173,155,1
RMQNx7Rn0R23NAade-i_Kg_277.jpg,319,218,325,224,1
oPiWTipGiGJJVucD4MPv9w_285.jpg,307,245,320,257,1
-_aYNqRKREQMVOWcuHu8tA_179.jpg,241,226,246,234,0
Xvkpe5_pJiYMyg4AVaRaTQ_224.jpg,274,175,283,182,0
SX6iD__1rYpLOeiVf7tw0Q_205.jpg,295,264,306,273,1
SX6iD__1rYpLOeiVf7tw0Q_205.jpg,454,265,460,272,1
N4Az_6eivHPhOdnd7-hiiw_267.jpg,467,266,478,273,1
N4Az_6eivHPhOdnd7-hiiw_267.jpg,495,270,503,278,0
76OCchpMh9msvimiBRnErA_302.jpg,470,301,476,306,1
s5w4WR3KazS6-B0eBCnj1w_180.jpg,442,43,451,55,1
5PLUa5YbGdtuXsO2ZrF7Jw_189.jpg,511,297,517,303,1
5PLUa5YbGdtuXsO2ZrF7Jw_189.jpg,590,287,599,294,1
6hCx2k2LBoG_59SLuQSVHw_179.jpg,115,237,123,245,0
GzQaqhl0eKbWiXEz2Z74YQ_80.jpg,338,274,352,282,1
wB94eLMBRzpQY-wAVq9v0Q_33.jpg,308,242,311,246,0
7Kkhj6UP2l0n6vCPSM8V7g_179.jpg,196,222,202,230,0
tPitfUaKoq4vmfjPuJQthA_219.jpg,456,234,465,244,1
2EHfQ0IUryDe1u3jPBB3jQ_110.jpg,148,306,159,310,1
lirBHS9aMBXQ92NeIyhnpg_270.jpg,59,282,69,289,1
UguQgPl03jvsf0GpmiCN6Q_42.jpg,10,324,26,339,0
kpeQ7cY16iF5zcCEeuWjFQ_9.jpg,426,187,438,201,1
kpeQ7cY16iF5zcCEeuWjFQ_9.jpg,488,166,508,178,1
Y-J8J6vlO9hQANQwuYjbBQ_215.jpg,598,248,607,260,1
Y-J8J6vlO9hQANQwuYjbBQ_215.jpg,454,264,468,274,1
Y-J8J6vlO9hQANQwuYjbBQ_215.jpg,459,286,473,294,1
GQLGz51qNFbt9c-2nHOStg_9.jpg,447,159,456,171,1
GNNE8i8KHfjK23c3D3fYDA_302.jpg,127,167,142,178,0
SSZQ7-g5PUqqVxw93n4Blg_269.jpg,627,74,639,85,1
bFBvroGxBJfLmh3nQGNjLA_179.jpg,159,263,168,271,1
CQyvG6hq2p_Bwi4xInNxDQ_89.jpg,340,202,354,215,1
CQyvG6hq2p_Bwi4xInNxDQ_89.jpg,351,210,363,220,1
0mmJ8eRBSIAY4p7evOLs9A_267.jpg,471,144,480,153,0
MIvUSUCe04X9tQ3KtQDDwQ_278.jpg,378,221,382,230,1
l3T2XrKZXXK0CI_ZHvYdJw_197.jpg,405,176,417,184,1
l3T2XrKZXXK0CI_ZHvYdJw_197.jpg,142,219,157,227,1
mQ2AXrqbU6lLutyy2AsBYA_170.jpg,295,281,307,289,1
0sfotTjRba3MRTEVcVNgQA_9.jpg,468,200,475,208,0
ghaiU9mnm21gFB7Pq5OHhg_286.jpg,535,277,541,281,1
h-RsOQwIBr7RuaqzUN1xYw_195.jpg,15,281,28,292,0
_TFsVglotRZl4uCEGc5_MQ_323.jpg,261,242,267,248,1
KAGOwwPMQlSpHc7qFgYCTA_336.jpg,283,183,295,191,1
ghB_BOO7aMv7Jw3uYhGrOA_251.jpg,375,265,384,272,1
M5nkC-eMXfa5dRLNdofzbA_359.jpg,420,47,438,69,0
7bMs_d8dt5zFj-BlPa5UIQ_359.jpg,16,78,35,90,1
8eG6tgOvAv0FOC1N-Hm2PA_128.jpg,219,229,225,235,0
bg8-eC9K-nqEdgk7YQZOEQ_357.jpg,525,221,532,229,0
00UGGQXw0EpDhn8wfAVEEA_273.jpg,575,102,590,118,0
1DIAYhcMqxMXQyaUzWCovw_269.jpg,319,217,325,225,0
gB7i4Ocouy4mnKpyKMcdDA_88.jpg,143,165,154,170,1
gB7i4Ocouy4mnKpyKMcdDA_88.jpg,167,223,173,230,0
00zTRyjhu3jkgRWVUOuwRw_267.jpg,516,291,523,297,1
00zTRyjhu3jkgRWVUOuwRw_267.jpg,261,280,265,285,0
B0VQOPahWbOofah_zmclHA_86.jpg,480,291,484,295,0
1Kgr4611UZ_5TKLCCJNLFg_114.jpg,497,277,502,282,0
nX26nlUNeKO6aJ9QWsSgIA_302.jpg,123,166,139,176,1
gf2jbghjcteEsY0nbve2jQ_29.jpg,163,295,171,307,0
qt4b1eibiRwYInBKlIGFBA_359.jpg,477,308,491,317,1
E-yd_WAHZsJfIXX4Ok39vw_137.jpg,252,179,258,186,0
OUMmUaV1HyhPSF1SrnE6ig_145.jpg,391,203,399,214,0
mRIcgWWRJQnJm9ur8m0U3A_302.jpg,430,243,438,248,0
mRIcgWWRJQnJm9ur8m0U3A_302.jpg,437,199,443,204,1
mRIcgWWRJQnJm9ur8m0U3A_302.jpg,420,214,439,219,1
73LUKVDUVQftVuqEwTkaJg_99.jpg,404,167,435,192,1
ZtS6WQ87e96c53BxA64P1w_274.jpg,564,173,582,191,0
5_Gxitv_RW1_9IzivBMKzA_152.jpg,292,203,298,209,0
yK51qI4vZrrnlNdP9vAgqQ_236.jpg,422,225,429,234,0
FPcYaAPC1d8cicZZPg3K8w_34.jpg,254,228,261,236,0
sG_r7OsXP-KTbuMwUmJK_A_180.jpg,262,212,275,222,1
xKzNTSVT6at-n_ASFOixvQ_237.jpg,238,242,247,254,0
0gbLxc80SaFESOTl6BIiHw_351.jpg,574,314,582,322,0
4bZX2d-q7H-NA5qhVV-CXg_328.jpg,149,269,157,276,1
4bZX2d-q7H-NA5qhVV-CXg_328.jpg,259,310,265,317,0
ENghkd8LyIb76tkKMS-Gaw_29.jpg,119,284,127,294,0
7OM0Q9EFRAh64MEyphAj0A_218.jpg,533,258,547,271,1
ZumiSoCm5JYynwbmQtWtGQ_88.jpg,433,92,452,121,0
W6eypma97VmyFp4RokdySA_208.jpg,268,283,274,290,0
IoQvyav_iAt_sKFCJq2Z7g_267.jpg,78,155,87,165,0
IoQvyav_iAt_sKFCJq2Z7g_267.jpg,92,138,106,147,1
J_nmcS1ldseOxPfGzWsefg_270.jpg,292,303,300,310,1
8UnGwafTz35Lmzi0Mrt-qA_88.jpg,630,163,639,171,1
8UnGwafTz35Lmzi0Mrt-qA_88.jpg,207,208,210,212,1
8UnGwafTz35Lmzi0Mrt-qA_88.jpg,56,173,69,180,1
8UnGwafTz35Lmzi0Mrt-qA_88.jpg,92,228,100,235,1
6sS3qjqMrKSnhO62k9-W-A_132.jpg,463,196,476,213,0
reBgGMph4qCAHLbqtZ4Dhw_33.jpg,59,248,67,253,1
MYJyES74_1QfyKMWxMz3pQ_9.jpg,168,210,190,226,1
MFtMK6ZIGi0odEs602Ko4A_179.jpg,148,199,157,204,1
MFtMK6ZIGi0odEs602Ko4A_179.jpg,153,210,161,222,0
os4NKpKyxz9b11FXwbQ9KQ_302.jpg,522,178,529,183,1
Yu3feiB2JdB1vd8iawp20g_87.jpg,497,286,518,303,0
C7P1ZnHih9k2EA33gDc6VQ_145.jpg,542,233,551,241,0
C7P1ZnHih9k2EA33gDc6VQ_145.jpg,303,184,311,193,0
owNbYmycw0kohZ64hNOqtg_0.jpg,285,302,291,309,0
owNbYmycw0kohZ64hNOqtg_0.jpg,322,298,329,305,1
ey9OstXFDk-cOyWULTB--A_179.jpg,154,209,160,216,0
1cmZ7cC3POlDEJJeJ40oBg_359.jpg,230,268,234,274,0
YPF8SpXye_EiDwAYPwzQNw_65.jpg,630,83,640,108,0
IcKlS849A5RU5VEU76ubfA_281.jpg,497,186,512,205,0
dmOMbmAN21Hyop2rXhnhhA_0.jpg,472,298,481,304,1
jIFHaniWuCbhT9Sv99jp6g_345.jpg,108,276,119,287,1
eC7ajm5-Nm9D4D0PTsqIgA_260.jpg,353,229,359,234,0
ce0y1Co053zNWxtwlXA-bA_34.jpg,18,154,33,168,0
wIG8zpTzoFjoPqy-TaKkgw_110.jpg,618,53,640,78,1
MSb1vrCXj5JclrB_xShlMQ_358.jpg,523,273,527,277,0
pk_7cWwpi5sTHTHwChrbfQ_359.jpg,82,148,97,160,1
GoXIZlo-rSB5VjDYaUkBfQ_235.jpg,409,146,419,159,0
h9eWdZeg8kC36cMD-GpRnA_63.jpg,444,129,456,146,0
rCt75UIHkqAW9ScwpwUp5Q_265.jpg,527,245,541,253,1
8eBQxZGaXu4r1CB9kkiClw_124.jpg,558,195,563,201,0
haX5NV9C7mVF6aDt4OyGvg_348.jpg,152,186,170,200,1
hx25WDqxtrZIUUFWH0emjw_270.jpg,274,292,283,299,1
0E3WnKRrC_oywmAn-E2WrQ_99.jpg,390,214,409,226,1
Hd3W5c2cQqeRhr_M_f2Zig_323.jpg,311,243,315,249,1
xznsYfwxXAog4GzRHyg5Xg_36.jpg,412,275,417,281,0
aHg60rhzKPRXwJakTywgow_357.jpg,297,156,304,165,0
0SEVAmA6BRUqBG_PX20Kgw_179.jpg,149,249,154,254,1
E5zAhNMrTdHMP-f9UjSlBw_137.jpg,344,178,349,185,0
9qFcdxpd2DaQ5lgj6udXfg_137.jpg,258,182,262,188,0
KFKSS7MroXJnGqT8LSj8dQ_180.jpg,128,48,138,62,0
7S98uT76HePoJ5XZ6UkXrw_209.jpg,358,129,364,135,0
7S98uT76HePoJ5XZ6UkXrw_209.jpg,546,257,560,267,0
lCWiYeBQWyE51k6K672wLw_285.jpg,293,261,306,269,1
aWu1bOKSLhQ2GHMaw56q-A_329.jpg,350,243,356,251,0
krO7wwaABCZOR0uk4TrXMA_310.jpg,629,229,640,237,1
krO7wwaABCZOR0uk4TrXMA_310.jpg,597,230,619,242,1
lwXq2LayMq7AVl26IxULdQ_300.jpg,548,275,553,282,1
9q0qEO9zTEKckcyoHr5vmg_243.jpg,105,105,115,115,0
_FX_AXqsbZfJLoAmhf6jag_7.jpg,415,278,419,283,0
poiSt7Hk9dDdDAuDMbrb4g_68.jpg,548,265,560,279,0
Y31KUmc26--acRo6HUa-7A_215.jpg,415,256,443,275,1
mLAXQ69JrlGyfsGtLlTNeg_29.jpg,105,270,114,279,1
mLAXQ69JrlGyfsGtLlTNeg_29.jpg,261,280,268,287,1
f3YXkhIUWTT1iQBBZiVy1A_0.jpg,130,175,137,183,0
vJrXB3eLDTcGCQE72EcxZw_154.jpg,65,245,74,256,0
vJrXB3eLDTcGCQE72EcxZw_154.jpg,599,243,610,255,0
pYYTwhbWs4aOf6yKbP-9og_29.jpg,361,291,369,305,0
z3ngef5tCwDITUiuVxVSMg_189.jpg,494,283,502,290,1
HM0oFEIbPcRpfXv36dceyw_99.jpg,428,211,445,222,1
hOBzPL3EWm7YXP0iaGS0FQ_292.jpg,55,177,74,202,0
hOBzPL3EWm7YXP0iaGS0FQ_292.jpg,0,31,44,80,1
pToqwppz_1UtovEpWeH9SQ_196.jpg,336,201,346,211,0
5oGsFsYVip0OBi64msQqKw_332.jpg,205,298,211,303,0
xh4eoaOp-TVOWg-_URAG2A_0.jpg,589,274,597,279,0
LJGRp8ThvI-eHdVNATMo1Q_248.jpg,55,315,62,320,1
vgxldcCboB-ROXgZgh_-CA_158.jpg,596,0,616,21,0
GMUt2oiUuDeNkfdzRs5q2A_20.jpg,626,255,640,266,1
-pNBn_8yNI7SMC2JPu5v3w_86.jpg,566,149,586,164,0
FiBxDv5CyRvDUJZM_XS9_g_302.jpg,483,211,490,218,0
FiBxDv5CyRvDUJZM_XS9_g_302.jpg,489,152,498,155,1
nI648LZ1yC6l8xMvlvyosA_95.jpg,127,103,142,112,1
dLbeRXjudCLJtD_6_ira-Q_114.jpg,582,274,586,279,0
z5-7qq2zZOB6fo2AtWqPgQ_16.jpg,507,271,518,279,1
POge-LX6IdkET_JMYFH6Ag_310.jpg,491,137,498,150,0
w5_KcZbxe-oZ2mZaiIhN-Q_111.jpg,517,138,532,157,0
K9aavgFJwcihJZwSPbPLZQ_68.jpg,380,260,396,271,1
eWwyO3munzjbYj1mQt_WHQ_292.jpg,141,88,174,99,1
eWwyO3munzjbYj1mQt_WHQ_292.jpg,142,123,178,137,1
eWwyO3munzjbYj1mQt_WHQ_292.jpg,176,221,188,234,0
3HAgE5v8fsncNlUhJWHtbA_99.jpg,251,203,278,230,1
A0Vh9Z3SfChnyUbFQmAzPA_177.jpg,465,198,476,210,0
TtPKwmpeTWKqMVTBiUGtmw_269.jpg,190,171,202,181,1
TB0vFxr_PJqHdUoNM_FBrw_281.jpg,530,119,553,138,0
ZFQSGnOEMaKbZxpZTnfjEQ_106.jpg,339,274,346,282,0
X9y4a_uma0L69obiJfHTbA_177.jpg,555,275,582,289,1
bWmQkUTAs9Rh6T1veXAMAw_226.jpg,165,165,181,178,1
gQQNMiPmt8mBRjlQ7gTKuQ_356.jpg,1,96,19,112,0
gQQNMiPmt8mBRjlQ7gTKuQ_356.jpg,0,188,25,200,1
SPs9nRb57Utf86F7010g6Q_179.jpg,586,236,602,246,1
YMvZ1MA1nIo5zL0HCos4NQ_137.jpg,246,129,254,139,0
oOCJ80Xz72vW_4uHBc2ckQ_268.jpg,586,12,596,23,0
pLzopZJj7c4fU40F92xl8w_189.jpg,117,157,133,175,0
0XL4AF4upyiRETna2PqCCw_266.jpg,463,281,483,298,1
0XL4AF4upyiRETna2PqCCw_266.jpg,237,276,254,291,1
0XL4AF4upyiRETna2PqCCw_266.jpg,0,250,27,267,1
38iXnoOHStBz6rkuqanhvQ_209.jpg,467,275,472,282,0
YYMX9PbvK7Tq2qieNU49QQ_265.jpg,503,258,517,268,1
EO6WpJruMwLPPXi9fEbV6g_351.jpg,74,165,82,172,1
EO6WpJruMwLPPXi9fEbV6g_351.jpg,166,205,175,215,0
bP0MFskmsb5svtNLXBCOvQ_227.jpg,540,203,547,213,0
vLrbnucgDK0Fyg7j53QZoQ_189.jpg,587,77,595,85,1
vLrbnucgDK0Fyg7j53QZoQ_189.jpg,460,161,467,167,1
2gnhJ_hvTE3xhy0JPRWVuA_68.jpg,347,189,355,198,0
2gnhJ_hvTE3xhy0JPRWVuA_68.jpg,357,194,364,204,0
HU4s0kjJMFsEod7mFip-ag_226.jpg,357,197,370,209,1
CYxrM2YGPRU_WrnKqJfWfA_298.jpg,363,258,368,263,0
UhO-l7K9_aPyqwfn6q_j4Q_281.jpg,587,154,604,168,0
Ouo0vVTnarpnhRs_0jCf0g_85.jpg,298,71,305,84,1
IZXqv8lvtYUn1SOfZQ7N9w_269.jpg,405,252,414,263,0
gWHTycyKRCloaqQaPC2Hkg_115.jpg,120,289,126,297,0
dXECvmhu8Yn2y6sZB-mqyQ_177.jpg,377,183,382,188,0
mqQqF7syTtc2gaGlyz01-w_50.jpg,61,256,66,261,0
NgN93wEqRjD9LzeT8leFBA_80.jpg,69,257,85,269,1
IFWwgLoCdMEOZ0_37ZDVnQ_305.jpg,124,300,132,303,1
wGkORE51cXVw9aEd6rxx1A_279.jpg,331,184,356,201,1
wGkORE51cXVw9aEd6rxx1A_279.jpg,612,198,632,207,1
i46OS9c0IxgwyKCKg2z0bg_322.jpg,309,227,314,236,0
-oCnWS4GQfgvqy44zou-ng_300.jpg,237,18,249,45,0
xMpmTUnVgqGlj40ejovuaQ_55.jpg,374,183,381,192,0
npjnJpakAs4l6rd9tq022Q_88.jpg,184,122,189,128,1
npjnJpakAs4l6rd9tq022Q_88.jpg,569,249,576,253,1
F46vRi5Y4MYDcy0e80KlQg_298.jpg,308,249,313,257,0
vcJhd4X67UNOSASB_airgA_68.jpg,360,263,373,273,1
aOhYAbeWMx0EDrEZT77elg_274.jpg,409,210,417,223,0
flANxxI65CSY7EpxIkcouw_120.jpg,194,220,211,230,1
s2ssnQ6IzIulXQoXAb2Wgw_88.jpg,384,182,393,191,0
4ZJ8szGvM75ZzBLDtEKA2w_219.jpg,505,226,514,236,0
fl3IXdnDFA_-BtWuXCfCbg_176.jpg,412,130,418,139,0
9i8t-UCQP19wXZBLBtPx3A_215.jpg,428,274,447,283,1
g-VNJs8eJ7JHPxhxHrZh6A_268.jpg,273,245,286,250,0
d-LheB6A-DvM-hj34MwuSQ_359.jpg,503,174,516,182,1
UjLQ0avjFBrdCNl85Yu6VA_279.jpg,235,226,249,243,0
K9qSA_ArrulkKsO4j1xrOg_2.jpg,441,118,445,125,0
gFIHlYN6y97SX66UuIHP2Q_356.jpg,627,258,637,267,0
b0JqKDoJ9N_6HxIiLv5L1Q_170.jpg,607,275,618,284,1
p1KUSsti8BG4oSUheJxoMw_87.jpg,325,221,334,236,1
AKMijEcwdRp3LyD25Lzpzw_355.jpg,498,161,504,167,0
Wixrnov2WisAA_gOSk6zdg_208.jpg,391,288,400,297,1
cePxOASlj9CV3VYn1lO48A_179.jpg,128,208,135,215,0
rdoILq-Xq-3VqdQXtuzB7w_29.jpg,292,296,301,308,0
rdoILq-Xq-3VqdQXtuzB7w_29.jpg,434,303,440,315,0
VCsVKeVw_Dego9MpBqMOOA_261.jpg,437,300,446,312,0
bUVSgqbz-y0GhTNyo_U_7Q_90.jpg,585,249,606,258,1
bUVSgqbz-y0GhTNyo_U_7Q_90.jpg,494,250,509,259,1
iyKYBPpFwDGzQar1s1l0Qw_245.jpg,25,268,45,277,1
AgJnv_yFJ0uQHjSkmv8quw_89.jpg,288,162,303,177,1
rrxEi6O6LognvPUfj2ClDw_261.jpg,460,276,472,292,0
hp5XpJz4KPEyUY3hpr6hcA_224.jpg,461,172,474,183,1
JUzXGNYT48_4NBJ7iPNuxg_55.jpg,425,200,432,208,0
EqeiX3xPlSuyvZ5_S8AGqw_267.jpg,91,2,105,19,0
quTsE1_YexTwTaEypVRPhw_90.jpg,32,213,55,229,1
87B9d5griA0z2cPIeisnsA_267.jpg,163,90,171,100,0
Ij7vwy_prNwegp-wphpQzQ_358.jpg,101,147,108,157,1
pPOth4ib3o00vuMbBn1Jhw_359.jpg,134,158,146,166,1
IliHoEs9pVXjgqzvH-aZRA_345.jpg,154,246,170,258,1
OKkKSR2idj0wdZOt4cwWEA_104.jpg,457,190,467,193,1
8vXkP15BEvFKOKFfU7Ah5A_268.jpg,223,137,235,150,0
SXoucCOlKT-Xyw4r-ez1hQ_194.jpg,120,279,133,292,1
lpWx5Yu9bbzcOyKDl8j-cA_171.jpg,107,276,115,286,0
1Byvf_qaC3YtmtFrxM0VOQ_359.jpg,407,155,416,167,0
GKlezziaoDEnSbJDVlg4xQ_90.jpg,298,182,309,201,0
